{"cameraMode":{"drawMode":0,"name":"Shaded","section":"Shading Mode"},"sceneLighting":false,"audioPlay":false,"sceneViewState":{"m_AlwaysRefresh":false,"showFog":true,"showSkybox":false,"showFlares":true,"showImageEffects":true,"showParticleSystems":true,"showVisualEffectGraphs":true,"m_FxEnabled":true},"in2DMode":false,"pivot":{"x":-0.035863667726516727,"y":0.6375404596328735,"z":-0.09270673990249634},"rotation":{"x":0.3323018252849579,"y":0.23555533587932588,"z":-0.08609014004468918,"w":0.9092220664024353},"size":0.8716157674789429,"orthographic":false}