{"cameraMode":{"drawMode":0,"name":"Shaded","section":"Shading Mode"},"sceneLighting":false,"audioPlay":false,"sceneViewState":{"m_AlwaysRefresh":false,"showFog":true,"showSkybox":false,"showFlares":true,"showImageEffects":true,"showParticleSystems":true,"showVisualEffectGraphs":true,"m_FxEnabled":true},"in2DMode":false,"pivot":{"x":0.2460000067949295,"y":0.06599999964237213,"z":-0.08699999749660492},"rotation":{"x":0.13489565253257752,"y":0.09383479505777359,"z":-0.012679830193519593,"w":0.9864025712013245},"size":1.488814353942871,"orthographic":true}