{"cameraMode":{"drawMode":0,"name":"Shaded","section":"Shading Mode"},"sceneLighting":false,"audioPlay":false,"sceneViewState":{"m_AlwaysRefresh":false,"showFog":true,"showSkybox":false,"showFlares":true,"showImageEffects":true,"showParticleSystems":true,"showVisualEffectGraphs":true,"m_FxEnabled":true},"in2DMode":false,"pivot":{"x":-0.15160197019577027,"y":3.357020378112793,"z":0.14169824123382569},"rotation":{"x":0.21202044188976289,"y":0.5718655586242676,"z":-0.15605299174785615,"w":0.7769601345062256},"size":2.646106719970703,"orthographic":true}