{"cameraMode":{"drawMode":0,"name":"Shaded","section":"Shading Mode"},"sceneLighting":false,"audioPlay":false,"sceneViewState":{"m_AlwaysRefresh":false,"showFog":true,"showSkybox":false,"showFlares":true,"showImageEffects":true,"showParticleSystems":true,"showVisualEffectGraphs":true,"m_FxEnabled":true},"in2DMode":false,"pivot":{"x":0.10466200113296509,"y":2.6410937309265138,"z":-0.18459808826446534},"rotation":{"x":0.3323018252849579,"y":0.23555533587932588,"z":-0.08609014004468918,"w":0.9092220664024353},"size":2.853827953338623,"orthographic":false}