{"cameraMode":{"drawMode":0,"name":"Shaded","section":"Shading Mode"},"sceneLighting":false,"audioPlay":false,"sceneViewState":{"m_AlwaysRefresh":false,"showFog":true,"showSkybox":false,"showFlares":true,"showImageEffects":true,"showParticleSystems":true,"showVisualEffectGraphs":true,"m_FxEnabled":true},"in2DMode":false,"pivot":{"x":-0.015441060066223145,"y":2.946032762527466,"z":0.014741063117980957},"rotation":{"x":0.21202044188976289,"y":0.5718655586242676,"z":-0.15605299174785615,"w":0.7769601345062256},"size":3.372220754623413,"orthographic":true}