{"cameraMode":{"drawMode":0,"name":"Shaded","section":"Shading Mode"},"sceneLighting":false,"audioPlay":false,"sceneViewState":{"m_AlwaysRefresh":false,"showFog":true,"showSkybox":false,"showFlares":true,"showImageEffects":true,"showParticleSystems":true,"showVisualEffectGraphs":true,"m_FxEnabled":true},"in2DMode":false,"pivot":{"x":0.03823959827423096,"y":3.4536807537078859,"z":0.015888452529907228},"rotation":{"x":0.21202044188976289,"y":0.5718655586242676,"z":-0.15605299174785615,"w":0.7769601345062256},"size":3.814507007598877,"orthographic":true}