{"cameraMode":{"drawMode":0,"name":"Shaded","section":"Shading Mode"},"sceneLighting":false,"audioPlay":false,"sceneViewState":{"m_AlwaysRefresh":false,"showFog":true,"showSkybox":false,"showFlares":true,"showImageEffects":true,"showParticleSystems":true,"showVisualEffectGraphs":true,"m_FxEnabled":true},"in2DMode":false,"pivot":{"x":-0.011613726615905762,"y":2.9234631061553957,"z":0.0011421442031860352},"rotation":{"x":0.21202044188976289,"y":0.5718655586242676,"z":-0.15605299174785615,"w":0.7769601345062256},"size":3.372220754623413,"orthographic":true}