{"cameraMode":{"drawMode":0,"name":"Shaded","section":"Shading Mode"},"sceneLighting":false,"audioPlay":false,"sceneViewState":{"m_AlwaysRefresh":false,"showFog":true,"showSkybox":false,"showFlares":true,"showImageEffects":true,"showParticleSystems":true,"showVisualEffectGraphs":true,"m_FxEnabled":true},"in2DMode":false,"pivot":{"x":241.79403686523438,"y":1.7320265769958497,"z":130.63584899902345},"rotation":{"x":0.21913526952266694,"y":0.6247088313102722,"z":-0.18873542547225953,"w":0.7253345847129822},"size":4.509324073791504,"orthographic":false}